Łukasz,Bielenin,lukasbielenin,lukas123,1
Michał,Doniec,michaldoniec,michas123,1
Krzysztof,Jarośka,krzysztofjaroska,krzych123,1
Tomasz,Krystyan,tomaszkrystyan,tomek123,0
Jakub,Krzciuk,jakubkrzciuk,jakub123,0
Denis,Łaskawiec,denislaskawiec,denis123,1
Zbigniew,Tokarski,zbigniewtokarski,zybi123,1
Sebastian,Wdowiarz,sebastianwdowiarz,sebson123,1
Michał,Wilk,michalwilk,michal123,1
Sebastian,Znaj,sebastianznaj,seba123,0